[
	{
		"countryCode": "ES",
		"atuLevel": "nuts0",
		"provisions": [
			{
				"dataOwnerId": "iso6523-actorid-upis::9921:E00003901",
				"params": [
					{
						"title": "CivilRegistry/SearchEntry",
						"paramset": [
							"CivilRegistry/Book",
							"CivilRegistry/Volume",
							"CivilRegistry/Page"
						]
					},
					{
						"title": "CivilRegistry/SearchFiliation",
						"paramset": [
							"Person/Gender",
							"Person/FirstFamilyName",
							"Person/SecondFamilyName",
							"Person/hasnotSecondFamilyName"
						]
					}
				],
				"dataOwnerPrefLabel": "Registro Civil,Ministerio de Justicia",
				"atuCode": "ES",
				"atuLatinName": "ESPA�A",
				"provisionType": "ip"
			}
		]
	},
	{
		"countryCode": "LU",
		"atuLevel": "nuts0",
		"provisions": [
			{
				"dataOwnerId": "iso6523-actorid-upis::9991:LU000000025",
				"dataOwnerPrefLabel": "CENTRE DES TECHNOLOGIES DE L'INFORMATION DE L'ETAT",
				"atuCode": "LU",
				"atuLatinName": "LUXEMBOURG",
				"provisionType": "ip"
			}
		]
	},
	{
		"countryCode": "SI",
		"atuLevel": "nuts0",
		"provisions": [
			{
				"dataOwnerId": "iso6523-actorid-upis::9991:SI990000105",
				"params": [
					{
						"title": "SI/nuts3",
						"paramset": [
							"SI/SI031",
							"SI/SI034"
						]
					}
				],
				"dataOwnerPrefLabel": "Minister za notranje zadeve",
				"atuCode": "SI",
				"atuLatinName": "SLOVENIJA",
				"provisionType": "ip"
			}
		]
	}
]
