[
	{
		"countryCode": "ES",
		"atuLevel": "nuts0",
		"provisions": [
			{
				"dataOwnerId": "iso6523-actorid-upis::9921:E00003901",
				"redirectURL": "https://pid.gob.es/usip",
				"dataOwnerPrefLabel": "Registro Civil, Ministerio de Justicia",
				"atuCode": "ES",
				"atuLatinName": "ESPA�A",
				"provisionType": "usip"
			}
		]
	},
	{
		"countryCode": "LU",
		"atuLevel": "nuts0",
		"provisions": [
			{
				"dataOwnerId": "iso6523-actorid-upis::9991:LU000000025",
				"redirectURL": "https://ctie.lu/usip",
				"dataOwnerPrefLabel": "CENTRE DES TECHNOLOGIES DE L'INFORMATION DE L'ETAT",
				"atuCode": "LU",
				"atuLatinName": "LUXEMBOURG",
				"provisionType": "usip"
			}
		]
	},
	{
		"countryCode": "SI",
		"atuLevel": "nuts0",
		"provisions": [
			{
				"dataOwnerId": "iso6523-actorid-upis::9991:SI990000105",
				"redirectURL": "https://moai.gov.si/usip",
				"dataOwnerPrefLabel": "Minister za notranje zadeve",
				"atuCode": "SI",
				"atuLatinName": "SLOVENIJA",
				"provisionType": "usip"
			}
		]
	}
]